insert into project (siteID, customerID, startDate, estimatedEndDate) values (1, 1, '2020/11/05', '2023/04/01');
insert into project (siteID, customerID, startDate, estimatedEndDate) values (2, 2, '2021/03/13', '2022/02/06');
insert into project (siteID, customerID, startDate, estimatedEndDate) values (3, 3, '2021/10/07', '2023/01/22');
insert into project (siteID, customerID, startDate, estimatedEndDate) values (4, 4, '2020/10/11', '2023/05/23');
insert into project (siteID, customerID, startDate, estimatedEndDate) values (5, 5, '2021/01/16', '2023/08/17');
insert into project (siteID, customerID, startDate, estimatedEndDate) values (6, 6, '2021/05/27', '2022/01/31');
insert into project (siteID, customerID, startDate, estimatedEndDate) values (7, 7, '2021/05/29', '2023/08/26');
insert into project (siteID, customerID, startDate, estimatedEndDate) values (8, 8, '2021/04/03', '2023/06/15');
insert into project (siteID, customerID, startDate, estimatedEndDate) values (9, 9, '2021/03/26', '2022/12/01');
insert into project (siteID, customerID, startDate, estimatedEndDate) values (10, 10, '2021/08/01', '2023/07/13');
insert into project (siteID, customerID, startDate, estimatedEndDate) values (11, 11, '2021/07/18', '2022/11/12');
insert into project (siteID, customerID, startDate, estimatedEndDate) values (12, 12, '2021/03/23', '2022/07/03');
insert into project (siteID, customerID, startDate, estimatedEndDate) values (13, 13, '2021/03/12', '2022/11/17');
insert into project (siteID, customerID, startDate, estimatedEndDate) values (14, 14, '2021/08/11', '2022/10/31');
insert into project (siteID, customerID, startDate, estimatedEndDate) values (15, 15, '2020/12/16', '2022/09/25');
insert into project (siteID, customerID, startDate, estimatedEndDate) values (16, 16, '2021/08/08', '2022/02/18');
insert into project (siteID, customerID, startDate, estimatedEndDate) values (17, 17, '2020/11/03', '2022/03/02');
insert into project (siteID, customerID, startDate, estimatedEndDate) values (18, 18, '2020/11/14', '2023/04/16');
insert into project (siteID, customerID, startDate, estimatedEndDate) values (19, 19, '2021/08/24', '2022/09/26');
insert into project (siteID, customerID, startDate, estimatedEndDate) values (20, 20, '2021/03/26', '2022/05/26');

insert into employee (empEmailID, empAddress, designation, salary, dob, joinDate, projectID) values ('dcliss0@merriam-webster.com', '429 Golf View Park', 'Jr Designer', 188329, '1971/07/05', '2019/05/25', 7);
insert into employee (empEmailID, empAddress, designation, salary, dob, joinDate, projectID) values ('chelkin1@chicagotribune.com', '005 Sage Avenue', 'Jr Designer', 193978, '1987/09/16', '2012/08/01', 8);
insert into employee (empEmailID, empAddress, designation, salary, dob, joinDate, projectID) values ('tsonschein2@scribd.com', '4 Burning Wood Alley', 'Project Manager', 69527, '1990/05/04', '2020/09/03', 12);
insert into employee (empEmailID, empAddress, designation, salary, dob, joinDate, projectID) values ('svase3@miibeian.gov.cn', '6 4th Drive', 'Sr Designer', 45447, '1966/04/11', '2010/10/23', 8);
insert into employee (empEmailID, empAddress, designation, salary, dob, joinDate, projectID) values ('pbassingham4@hostgator.com', '3 Northland Parkway', 'Sr Designer', 24301, '1966/05/07', '2014/04/19', 3);
insert into employee (empEmailID, empAddress, designation, salary, dob, joinDate, projectID) values ('kgini5@pen.io', '79 Stephen Lane', 'Project Manager', 147673, '1963/08/08', '2017/11/03', 1);
insert into employee (empEmailID, empAddress, designation, salary, dob, joinDate, projectID) values ('bpocklington6@hostgator.com', '64379 Northland Junction', 'HR', 191331, '1977/07/03', '2020/01/11', 2);
insert into employee (empEmailID, empAddress, designation, salary, dob, joinDate, projectID) values ('ajager7@typepad.com', '3850 Surrey Hill', 'Project Manager', 89215, '1965/09/28', '2010/12/18', 20);
insert into employee (empEmailID, empAddress, designation, salary, dob, joinDate, projectID) values ('dpaur8@newyorker.com', '3220 Hallows Court', 'Sr Designer', 88834, '1986/10/06', '2018/12/06', 13);
insert into employee (empEmailID, empAddress, designation, salary, dob, joinDate, projectID) values ('lcasaccio9@goo.ne.jp', '7 Spaight Parkway', 'Sr Designer', 149554, '1998/08/25', '2013/01/23', 17);
insert into employee (empEmailID, empAddress, designation, salary, dob, joinDate, projectID) values ('nbortoluttia@usatoday.com', '339 Center Avenue', 'Project Manager', 111060, '2001/06/27', '2021/01/29', 11);
insert into employee (empEmailID, empAddress, designation, salary, dob, joinDate, projectID) values ('thoofeb@redcross.org', '80 Hoard Junction', 'Project Manager', 32729, '1978/04/10', '2020/04/18', 7);
insert into employee (empEmailID, empAddress, designation, salary, dob, joinDate, projectID) values ('thallowesc@addtoany.com', '93398 Melby Lane', 'Marketing', 121384, '1993/04/01', '2019/10/12', 20);
insert into employee (empEmailID, empAddress, designation, salary, dob, joinDate, projectID) values ('mpesseltd@is.gd', '81002 Dakota Point', 'Project Manager', 136127, '1971/07/09', '2014/02/01', 3);
insert into employee (empEmailID, empAddress, designation, salary, dob, joinDate, projectID) values ('sshillabearee@biblegateway.com', '2400 Sherman Junction', 'Jr Designer', 35038, '1976/05/16', '2012/05/17', 14);
insert into employee (empEmailID, empAddress, designation, salary, dob, joinDate, projectID) values ('ggurnellf@cnn.com', '045 Roxbury Way', 'Sr Designer', 24049, '1963/02/15', '2015/03/24', 1);
insert into employee (empEmailID, empAddress, designation, salary, dob, joinDate, projectID) values ('aroncellig@goo.ne.jp', '89 Tennyson Center', 'Sr Designer', 126231, '1961/12/23', '2021/05/09', 17);
insert into employee (empEmailID, empAddress, designation, salary, dob, joinDate, projectID) values ('vhabronh@opera.com', '593 Paget Alley', 'Jr Designer', 48947, '1988/04/12', '2017/12/17', 11);
insert into employee (empEmailID, empAddress, designation, salary, dob, joinDate, projectID) values ('dpllui@w3.org', '91293 Sutteridge Drive', 'VP', 72084, '1992/06/27', '2012/03/13', 2);
insert into employee (empEmailID, empAddress, designation, salary, dob, joinDate, projectID) values ('fdiprosej@yelp.com', '61 Commercial Place', 'CEO', 167622, '1962/09/25', '2019/10/05', 6);

insert into empPhNo (employeeID, empPhNo) values (1, '3249473743');
insert into empPhNo (employeeID, empPhNo) values (2, '9483188761');
insert into empPhNo (employeeID, empPhNo) values (3, '6058692497');
insert into empPhNo (employeeID, empPhNo) values (4, '5051928234');
insert into empPhNo (employeeID, empPhNo) values (5, '1577566661');
insert into empPhNo (employeeID, empPhNo) values (6, '2526579903');
insert into empPhNo (employeeID, empPhNo) values (7, '2595139359');
insert into empPhNo (employeeID, empPhNo) values (8, '6064115649');
insert into empPhNo (employeeID, empPhNo) values (9, '5541450266');
insert into empPhNo (employeeID, empPhNo) values (10, '4496534637');
insert into empPhNo (employeeID, empPhNo) values (11, '1118071552');
insert into empPhNo (employeeID, empPhNo) values (12, '3502966412');
insert into empPhNo (employeeID, empPhNo) values (13, '9474385019');
insert into empPhNo (employeeID, empPhNo) values (14, '6096484412');
insert into empPhNo (employeeID, empPhNo) values (15, '6117193066');
insert into empPhNo (employeeID, empPhNo) values (16, '1017226938');
insert into empPhNo (employeeID, empPhNo) values (17, '1739806621');
insert into empPhNo (employeeID, empPhNo) values (18, '7225087306');
insert into empPhNo (employeeID, empPhNo) values (19, '3166972661');
insert into empPhNo (employeeID, empPhNo) values (20, '6519072552');

insert into designedBy (projectID, employeeID) values (8, 4);
insert into designedBy (projectID, employeeID) values (3, 10);
insert into designedBy (projectID, employeeID) values (5, 5);
insert into designedBy (projectID, employeeID) values (8, 11);
insert into designedBy (projectID, employeeID) values (13, 4);
insert into designedBy (projectID, employeeID) values (16, 20);
insert into designedBy (projectID, employeeID) values (8, 16);
insert into designedBy (projectID, employeeID) values (14, 2);
insert into designedBy (projectID, employeeID) values (9, 12);
insert into designedBy (projectID, employeeID) values (2, 11);
insert into designedBy (projectID, employeeID) values (1, 7);
insert into designedBy (projectID, employeeID) values (17, 8);
insert into designedBy (projectID, employeeID) values (9, 13);
insert into designedBy (projectID, employeeID) values (11, 13);
insert into designedBy (projectID, employeeID) values (15, 12);
insert into designedBy (projectID, employeeID) values (9, 2);
insert into designedBy (projectID, employeeID) values (20, 20);
insert into designedBy (projectID, employeeID) values (7, 1);
insert into designedBy (projectID, employeeID) values (19, 12);
insert into designedBy (projectID, employeeID) values (9, 20);

insert into customer (customerName, customerPhNo, customerEmailID, customerAddress) values ('Chrissie Abrashkov', '3807494004', 'cabrashkov0@shinystat.com', '2348 Mosinee Terrace');
insert into customer (customerName, customerPhNo, customerEmailID, customerAddress) values ('Cecile Larver', '9018134954', 'clarver1@cnet.com', '356 Corben Drive');
insert into customer (customerName, customerPhNo, customerEmailID, customerAddress) values ('Lissie Stoven', '1116433068', 'lstoven2@japanpost.jp', '2 Mitchell Park');
insert into customer (customerName, customerPhNo, customerEmailID, customerAddress) values ('Laure Hodcroft', '1284421832', 'lhodcroft3@prnewswire.com', '0944 Doe Crossing Terrace');
insert into customer (customerName, customerPhNo, customerEmailID, customerAddress) values ('Caro Tye', '1991655175', 'ctye4@examiner.com', '82 Nevada Way');
insert into customer (customerName, customerPhNo, customerEmailID, customerAddress) values ('Fayth Pallin', '4718119269', 'fpallin5@booking.com', '0970 Pine View Avenue');
insert into customer (customerName, customerPhNo, customerEmailID, customerAddress) values ('Frank Dever', '5678798062', 'fdever6@examiner.com', '074 Graceland Circle');
insert into customer (customerName, customerPhNo, customerEmailID, customerAddress) values ('Shea Harmon', '6491223571', 'sharmon7@addtoany.com', '5 Crest Line Drive');
insert into customer (customerName, customerPhNo, customerEmailID, customerAddress) values ('Marcello Macon', '2723889983', 'mmacon8@wikimedia.org', '1801 Harper Road');
insert into customer (customerName, customerPhNo, customerEmailID, customerAddress) values ('Maxie Vicary', '5466203517', 'mvicary9@hatena.ne.jp', '74333 Mallard Road');
insert into customer (customerName, customerPhNo, customerEmailID, customerAddress) values ('Rayshell Cashin', '2027998159', 'rcashina@wsj.com', '674 Sachtjen Plaza');
insert into customer (customerName, customerPhNo, customerEmailID, customerAddress) values ('Arabelle Squibbes', '6551228731', 'asquibbesb@woothemes.com', '612 Hudson Road');
insert into customer (customerName, customerPhNo, customerEmailID, customerAddress) values ('Bren Chessel', '7992513221', 'bchesselc@vk.com', '2793 Spohn Junction');
insert into customer (customerName, customerPhNo, customerEmailID, customerAddress) values ('Kathryn Sinkin', '1559144223', 'ksinkind@github.com', '3 Dapin Crossing');
insert into customer (customerName, customerPhNo, customerEmailID, customerAddress) values ('Corette Cass', '2346219271', 'ccasse@rambler.ru', '4183 1st Street');
insert into customer (customerName, customerPhNo, customerEmailID, customerAddress) values ('Loleta Sutliff', '8479403715', 'lsutlifff@slideshare.net', '838 Bobwhite Junction');
insert into customer (customerName, customerPhNo, customerEmailID, customerAddress) values ('Noel Lovekin', '9271883243', 'nloveking@flavors.me', '1 Bartelt Crossing');
insert into customer (customerName, customerPhNo, customerEmailID, customerAddress) values ('Sally Allcoat', '7619735980', 'sallcoath@nhs.uk', '65 Scott Place');
insert into customer (customerName, customerPhNo, customerEmailID, customerAddress) values ('Rosalinda Boord', '8514148789', 'rboordi@imageshack.us', '57243 Fuller Place');
insert into customer (customerName, customerPhNo, customerEmailID, customerAddress) values ('Phaedra Monk', '7342930039', 'pmonkj@creativecommons.org', '6041 Nobel Park');

insert into customerFeedback (customerID, projectID, feedback, feedbackDate, rating) values (12, 11, 'Satisfied', '2020/10/25', 4.2);
insert into customerFeedback (customerID, projectID, feedback, feedbackDate, rating) values (13, 10, 'totally worth it', '2020/12/17', 2.7);
insert into customerFeedback (customerID, projectID, feedback, feedbackDate, rating) values (4, 7, 'Expensive furnishing', '2020/12/18', 3.2);
insert into customerFeedback (customerID, projectID, feedback, feedbackDate, rating) values (13, 10, 'wonderful job', '2021/01/04', 2.6);
insert into customerFeedback (customerID, projectID, feedback, feedbackDate, rating) values (16, 12, 'wonderful job', '2021/05/01', 2.0);
insert into customerFeedback (customerID, projectID, feedback, feedbackDate, rating) values (2, 14, 'totally worth it', '2020/11/01', 2.1);
insert into customerFeedback (customerID, projectID, feedback, feedbackDate, rating) values (12, 8, 'Satisfied', '2021/01/13', 1.2);
insert into customerFeedback (customerID, projectID, feedback, feedbackDate, rating) values (9, 10, 'totally worth it', '2020/11/20', 1.9);
insert into customerFeedback (customerID, projectID, feedback, feedbackDate, rating) values (6, 7, 'beautiful decor', '2021/04/24', 3.7);
insert into customerFeedback (customerID, projectID, feedback, feedbackDate, rating) values (19, 18, 'great designs', '2021/06/27', 1.0);
insert into customerFeedback (customerID, projectID, feedback, feedbackDate, rating) values (2, 15, 'Satisfied', '2021/08/11', 2.9);
insert into customerFeedback (customerID, projectID, feedback, feedbackDate, rating) values (1, 8, 'totally worth it', '2020/11/23', 3.9);
insert into customerFeedback (customerID, projectID, feedback, feedbackDate, rating) values (15, 6, 'great designs', '2021/05/03', 4.8);
insert into customerFeedback (customerID, projectID, feedback, feedbackDate, rating) values (7, 12, 'beautiful decor', '2021/04/20', 3.9);
insert into customerFeedback (customerID, projectID, feedback, feedbackDate, rating) values (1, 15, 'wonderful job', '2021/08/06', 1.3);
insert into customerFeedback (customerID, projectID, feedback, feedbackDate, rating) values (5, 14, 'beautiful decor', '2021/07/24', 2.1);
insert into customerFeedback (customerID, projectID, feedback, feedbackDate, rating) values (13, 7, 'totally worth it', '2021/05/14', 1.3);
insert into customerFeedback (customerID, projectID, feedback, feedbackDate, rating) values (15, 1, 'beautiful decor', '2021/10/06', 2.2);
insert into customerFeedback (customerID, projectID, feedback, feedbackDate, rating) values (10, 12, 'wonderful job', '2021/01/26', 2.9);
insert into customerFeedback (customerID, projectID, feedback, feedbackDate, rating) values (8, 19, 'great designs', '2021/02/13', 2.0);

insert into design (designCost, size) values (106876.79, 'S');
insert into design (designCost, size) values (99621.92, 'S');
insert into design (designCost, size) values (112222.62, 'L');
insert into design (designCost, size) values (105331.83, 'L');
insert into design (designCost, size) values (30450.01, 'S');
insert into design (designCost, size) values (36424.46, 'S');
insert into design (designCost, size) values (138053.00, 'L');
insert into design (designCost, size) values (79800.57, 'M');
insert into design (designCost, size) values (24396.51, 'S');
insert into design (designCost, size) values (54567.82, 'M');
insert into design (designCost, size) values (120758.99, 'L');
insert into design (designCost, size) values (123396.30, 'L');
insert into design (designCost, size) values (76152.35, 'M');
insert into design (designCost, size) values (52593.58, 'M');
insert into design (designCost, size) values (136907.16, 'L');
insert into design (designCost, size) values (135680.30, 'L');
insert into design (designCost, size) values (78143.61, 'M');
insert into design (designCost, size) values (31012.67, 'S');
insert into design (designCost, size) values (130554.53, 'L');
insert into design (designCost, size) values (102232.04, 'M');

insert into room (roomName, roomSize, designID) values ('Dining Hall', 'L', 10);
insert into room (roomName, roomSize, designID) values ('Dining Hall', 'M', 16);
insert into room (roomName, roomSize, designID) values ('Bathroom', 'M', 12);
insert into room (roomName, roomSize, designID) values ('Kitchen', 'S', 5);
insert into room (roomName, roomSize, designID) values ('Bathroom', 'M', 10);
insert into room (roomName, roomSize, designID) values ('Dining Hall', 'S', 18);
insert into room (roomName, roomSize, designID) values ('Bedroom', 'S', 20);
insert into room (roomName, roomSize, designID) values ('Dining Hall', 'S', 15);
insert into room (roomName, roomSize, designID) values ('Living Room', 'M', 1);
insert into room (roomName, roomSize, designID) values ('Living Room', 'S', 3);
insert into room (roomName, roomSize, designID) values ('Bedroom', 'S', 4);
insert into room (roomName, roomSize, designID) values ('Living Room', 'L', 4);
insert into room (roomName, roomSize, designID) values ('Dining Hall', 'M', 7);
insert into room (roomName, roomSize, designID) values ('Bathroom', 'S', 6);
insert into room (roomName, roomSize, designID) values ('Living Room', 'L', 16);
insert into room (roomName, roomSize, designID) values ('Kitchen', 'M', 7);
insert into room (roomName, roomSize, designID) values ('Living Room', 'L', 19);
insert into room (roomName, roomSize, designID) values ('Kitchen', 'L', 6);
insert into room (roomName, roomSize, designID) values ('Dining Hall', 'S', 4);
insert into room (roomName, roomSize, designID) values ('Bathroom', 'M', 13);
insert into room (roomName, roomSize, designID) values ('Living Room', 'M', 17);
insert into room (roomName, roomSize, designID) values ('Dining Hall', 'S', 13);
insert into room (roomName, roomSize, designID) values ('Dining Hall', 'M', 6);
insert into room (roomName, roomSize, designID) values ('Bathroom', 'M', 9);
insert into room (roomName, roomSize, designID) values ('Dining Hall', 'M', 18);

insert into hasRoom (projectID, roomID) values (2, 13);
insert into hasRoom (projectID, roomID) values (1, 14);
insert into hasRoom (projectID, roomID) values (20, 11);
insert into hasRoom (projectID, roomID) values (3, 14);
insert into hasRoom (projectID, roomID) values (9, 20);
insert into hasRoom (projectID, roomID) values (13, 3);
insert into hasRoom (projectID, roomID) values (11, 10);
insert into hasRoom (projectID, roomID) values (4, 14);
insert into hasRoom (projectID, roomID) values (15, 12);
insert into hasRoom (projectID, roomID) values (7, 15);
insert into hasRoom (projectID, roomID) values (9, 4);
insert into hasRoom (projectID, roomID) values (6, 15);
insert into hasRoom (projectID, roomID) values (12, 19);
insert into hasRoom (projectID, roomID) values (15, 9);
insert into hasRoom (projectID, roomID) values (6, 17);
insert into hasRoom (projectID, roomID) values (20, 14);
insert into hasRoom (projectID, roomID) values (8, 1);
insert into hasRoom (projectID, roomID) values (5, 14);
insert into hasRoom (projectID, roomID) values (13, 9);
insert into hasRoom (projectID, roomID) values (17, 5);

insert into product (typeName, roomName, productCost, description) values ('Study Table', 'Bedroom', 14905, 'Purple');
insert into product (typeName, roomName, productCost, description) values ('Study Table', 'Bedroom', 22896, 'Green');
insert into product (typeName, roomName, productCost, description) values ('Study Table', 'Bedroom', 16270, 'Orange');
insert into product (typeName, roomName, productCost, description) values ('Bed', 'Bedroom', 17183, 'Teal');
insert into product (typeName, roomName, productCost, description) values ('Bed', 'Bedroom', 13526, 'Pink');
insert into product (typeName, roomName, productCost, description) values ('Tile', 'Bathroom', 12262, 'Goldenrod');
insert into product (typeName, roomName, productCost, description) values ('Bathtub', 'Bathroom', 21665, 'Crimson');
insert into product (typeName, roomName, productCost, description) values ('Tap', 'Bathroom', 15325, 'Green');
insert into product (typeName, roomName, productCost, description) values ('Tap', 'Bathroom', 21819, 'Blue');
insert into product (typeName, roomName, productCost, description) values ('Shower', 'Bathroom', 10686, 'Khaki');
insert into product (typeName, roomName, productCost, description) values ('Exhaust Fan', 'Kitchen', 12149, 'Red');
insert into product (typeName, roomName, productCost, description) values ('Chimney', 'Kitchen', 13887, 'Crimson');
insert into product (typeName, roomName, productCost, description) values ('Oven', 'Kitchen', 22420, 'Turquoise');
insert into product (typeName, roomName, productCost, description) values ('Dining table', 'Dining Hall', 25594, 'Crimson');
insert into product (typeName, roomName, productCost, description) values ('Dining table', 'Dining Hall', 27014, 'Turquoise');
insert into product (typeName, roomName, productCost, description) values ('TV Stand', 'Living Hall', 17483, 'Turquoise');
insert into product (typeName, roomName, productCost, description) values ('Sofa', 'Living Hall', 20860, 'Pink');
insert into product (typeName, roomName, productCost, description) values ('Teapoy', 'Living Hall', 22373, 'Red');
insert into product (typeName, roomName, productCost, description) values ('Teapoy', 'Living Hall', 17933, 'Turquoise');
insert into product (typeName, roomName, productCost, description) values ('TV Stand', 'Living Hall', 17234, 'Violet');

insert into designIncludesProducts (designID, productID) values (3, 2);
insert into designIncludesProducts (designID, productID) values (15, 13);
insert into designIncludesProducts (designID, productID) values (19, 1);
insert into designIncludesProducts (designID, productID) values (1, 9);
insert into designIncludesProducts (designID, productID) values (3, 13);
insert into designIncludesProducts (designID, productID) values (11, 20);
insert into designIncludesProducts (designID, productID) values (9, 4);
insert into designIncludesProducts (designID, productID) values (14, 10);
insert into designIncludesProducts (designID, productID) values (5, 15);
insert into designIncludesProducts (designID, productID) values (19, 11);
insert into designIncludesProducts (designID, productID) values (4, 13);
insert into designIncludesProducts (designID, productID) values (8, 15);
insert into designIncludesProducts (designID, productID) values (1, 12);
insert into designIncludesProducts (designID, productID) values (11, 13);
insert into designIncludesProducts (designID, productID) values (18, 7);
insert into designIncludesProducts (designID, productID) values (3, 5);
insert into designIncludesProducts (designID, productID) values (5, 5);
insert into designIncludesProducts (designID, productID) values (20, 5);
insert into designIncludesProducts (designID, productID) values (5, 18);
insert into designIncludesProducts (designID, productID) values (11, 1);
insert into designIncludesProducts (designID, productID) values (10, 13);

insert into siteDetails (houseNo, street, pincode, city, state, length, breadth) values (20, '1 Gina Pass', 560013, 'Davangere', 'Karnataka', 65, 47);
insert into siteDetails (houseNo, street, pincode, city, state, length, breadth) values (12, '88053 Arapahoe Alley', 560041, 'Davangere', 'Karnataka', 71, 59);
insert into siteDetails (houseNo, street, pincode, city, state, length, breadth) values (15, '9 Myrtle Junction', 560029, 'Davangere', 'Karnataka', 91, 79);
insert into siteDetails (houseNo, street, pincode, city, state, length, breadth) values (2, '6 Novick Point', 560004, 'Dhaarwad', 'Karnataka', 53, 76);
insert into siteDetails (houseNo, street, pincode, city, state, length, breadth) values (5, '3676 Muir Junction', 560052, 'Bangalore', 'Karnataka', 72, 67);
insert into siteDetails (houseNo, street, pincode, city, state, length, breadth) values (7, '08604 Stone Corner Alley', 560063, 'Shimoga', 'Karnataka', 58, 82);
insert into siteDetails (houseNo, street, pincode, city, state, length, breadth) values (19, '512 Marcy Road', 560050, 'Shimoga', 'Karnataka', 76, 59);
insert into siteDetails (houseNo, street, pincode, city, state, length, breadth) values (17, '73 Spohn Circle', 560007, 'Shimoga', 'Karnataka', 94, 63);
insert into siteDetails (houseNo, street, pincode, city, state, length, breadth) values (6, '8 Becker Way', 560019, 'Mysore', 'Karnataka', 84, 70);
insert into siteDetails (houseNo, street, pincode, city, state, length, breadth) values (16, '90539 Milwaukee Terrace', 560010, 'Shimoga', 'Karnataka', 75, 81);
insert into siteDetails (houseNo, street, pincode, city, state, length, breadth) values (7, '14788 Helena Alley', 560034, 'Dhaarwad', 'Karnataka', 50, 61);
insert into siteDetails (houseNo, street, pincode, city, state, length, breadth) values (12, '766 Anzinger Crossing', 600018, 'Chennai', 'Tamil Nadu', 82, 72);
insert into siteDetails (houseNo, street, pincode, city, state, length, breadth) values (10, '64 Farragut Lane', 600042, 'Chennai', 'Tamil Nadu', 56, 68);
insert into siteDetails (houseNo, street, pincode, city, state, length, breadth) values (6, '6 Harper Plaza', 600021, 'Coimbatore', 'Tamil Nadu', 67, 55);
insert into siteDetails (houseNo, street, pincode, city, state, length, breadth) values (8, '6 Tomscot Place', 600092, 'Chennai', 'Tamil Nadu', 75, 56);
insert into siteDetails (houseNo, street, pincode, city, state, length, breadth) values (16, '01076 Fair Oaks Pass', 600086, 'Chennai', 'Tamil Nadu', 89, 42);
insert into siteDetails (houseNo, street, pincode, city, state, length, breadth) values (1, '59628 Mesta Drive', 600073, 'Madurai', 'Tamil Nadu', 98, 57);
insert into siteDetails (houseNo, street, pincode, city, state, length, breadth) values (7, '852 Vermont Road', 600048, 'Madurai', 'Tamil Nadu', 62, 85);
insert into siteDetails (houseNo, street, pincode, city, state, length, breadth) values (1, '87593 Coolidge Lane', 600047, 'Selam', 'Tamil Nadu', 58, 51);
insert into siteDetails (houseNo, street, pincode, city, state, length, breadth) values (9, '62 Cottonwood Trail', 600007, 'Chennai', 'Tamil Nadu', 75, 44);
insert into siteDetails (houseNo, street, pincode, city, state, length, breadth) values (2, '722 Kennedy Circle', 600091, 'Madurai', 'Tamil Nadu', 53, 41);
