insert into project (siteID, customerID, startDate, estimatedEndDate) values (1, 1, '2020/11/05', '2023/04/01');
insert into project (siteID, customerID, startDate, estimatedEndDate) values (2, 2, '2021/03/13', '2022/02/06');
insert into project (siteID, customerID, startDate, estimatedEndDate) values (3, 3, '2021/10/07', '2023/01/22');
insert into project (siteID, customerID, startDate, estimatedEndDate) values (4, 4, '2020/10/11', '2023/05/23');
insert into project (siteID, customerID, startDate, estimatedEndDate) values (5, 5, '2021/01/16', '2023/08/17');
insert into project (siteID, customerID, startDate, estimatedEndDate) values (6, 6, '2021/05/27', '2022/01/31');
insert into project (siteID, customerID, startDate, estimatedEndDate) values (7, 7, '2021/05/29', '2023/08/26');
insert into project (siteID, customerID, startDate, estimatedEndDate) values (8, 8, '2021/04/03', '2023/06/15');
insert into project (siteID, customerID, startDate, estimatedEndDate) values (9, 9, '2021/03/26', '2022/12/01');
insert into project (siteID, customerID, startDate, estimatedEndDate) values (10, 10, '2021/08/01', '2023/07/13');
insert into project (siteID, customerID, startDate, estimatedEndDate) values (11, 11, '2021/07/18', '2022/11/12');
insert into project (siteID, customerID, startDate, estimatedEndDate) values (12, 12, '2021/03/23', '2022/07/03');
insert into project (siteID, customerID, startDate, estimatedEndDate) values (13, 13, '2021/03/12', '2022/11/17');
insert into project (siteID, customerID, startDate, estimatedEndDate) values (14, 14, '2021/08/11', '2022/10/31');
insert into project (siteID, customerID, startDate, estimatedEndDate) values (15, 15, '2020/12/16', '2022/09/25');
insert into project (siteID, customerID, startDate, estimatedEndDate) values (16, 16, '2021/08/08', '2022/02/18');
insert into project (siteID, customerID, startDate, estimatedEndDate) values (17, 17, '2020/11/03', '2022/03/02');
insert into project (siteID, customerID, startDate, estimatedEndDate) values (18, 18, '2020/11/14', '2023/04/16');
insert into project (siteID, customerID, startDate, estimatedEndDate) values (19, 19, '2021/08/24', '2022/09/26');
insert into project (siteID, customerID, startDate, estimatedEndDate) values (20, 20, '2021/03/26', '2022/05/26');

insert into employee (empEmailID, empAddress, designation, salary, dob, joinDate, projectID) values ('dcliss0@merriam-webster.com', '429 Golf View Park', 'Jr Designer', 188329, '1971/07/05', '2019/05/25', 7);
insert into employee (empEmailID, empAddress, designation, salary, dob, joinDate, projectID) values ('chelkin1@chicagotribune.com', '005 Sage Avenue', 'Jr Designer', 193978, '1987/09/16', '2012/08/01', 8);
insert into employee (empEmailID, empAddress, designation, salary, dob, joinDate, projectID) values ('tsonschein2@scribd.com', '4 Burning Wood Alley', 'Project Manager', 69527, '1990/05/04', '2020/09/03', 12);
insert into employee (empEmailID, empAddress, designation, salary, dob, joinDate, projectID) values ('svase3@miibeian.gov.cn', '6 4th Drive', 'Sr Designer', 45447, '1966/04/11', '2010/10/23', 8);
insert into employee (empEmailID, empAddress, designation, salary, dob, joinDate, projectID) values ('pbassingham4@hostgator.com', '3 Northland Parkway', 'Sr Designer', 24301, '1966/05/07', '2014/04/19', 3);
insert into employee (empEmailID, empAddress, designation, salary, dob, joinDate, projectID) values ('kgini5@pen.io', '79 Stephen Lane', 'Project Manager', 147673, '1963/08/08', '2017/11/03', 1);
insert into employee (empEmailID, empAddress, designation, salary, dob, joinDate, projectID) values ('bpocklington6@hostgator.com', '64379 Northland Junction', 'HR', 191331, '1977/07/03', '2020/01/11', 2);
insert into employee (empEmailID, empAddress, designation, salary, dob, joinDate, projectID) values ('ajager7@typepad.com', '3850 Surrey Hill', 'Project Manager', 89215, '1965/09/28', '2010/12/18', 20);
insert into employee (empEmailID, empAddress, designation, salary, dob, joinDate, projectID) values ('dpaur8@newyorker.com', '3220 Hallows Court', 'Sr Designer', 88834, '1986/10/06', '2018/12/06', 13);
insert into employee (empEmailID, empAddress, designation, salary, dob, joinDate, projectID) values ('lcasaccio9@goo.ne.jp', '7 Spaight Parkway', 'Sr Designer', 149554, '1998/08/25', '2013/01/23', 17);
insert into employee (empEmailID, empAddress, designation, salary, dob, joinDate, projectID) values ('nbortoluttia@usatoday.com', '339 Center Avenue', 'Project Manager', 111060, '2001/06/27', '2021/01/29', 11);
insert into employee (empEmailID, empAddress, designation, salary, dob, joinDate, projectID) values ('thoofeb@redcross.org', '80 Hoard Junction', 'Project Manager', 32729, '1978/04/10', '2020/04/18', 7);
insert into employee (empEmailID, empAddress, designation, salary, dob, joinDate, projectID) values ('thallowesc@addtoany.com', '93398 Melby Lane', 'Marketing', 121384, '1993/04/01', '2019/10/12', 20);
insert into employee (empEmailID, empAddress, designation, salary, dob, joinDate, projectID) values ('mpesseltd@is.gd', '81002 Dakota Point', 'Project Manager', 136127, '1971/07/09', '2014/02/01', 3);
insert into employee (empEmailID, empAddress, designation, salary, dob, joinDate, projectID) values ('sshillabearee@biblegateway.com', '2400 Sherman Junction', 'Jr Designer', 35038, '1976/05/16', '2012/05/17', 14);
insert into employee (empEmailID, empAddress, designation, salary, dob, joinDate, projectID) values ('ggurnellf@cnn.com', '045 Roxbury Way', 'Sr Designer', 24049, '1963/02/15', '2015/03/24', 1);
insert into employee (empEmailID, empAddress, designation, salary, dob, joinDate, projectID) values ('aroncellig@goo.ne.jp', '89 Tennyson Center', 'Sr Designer', 126231, '1961/12/23', '2021/05/09', 17);
insert into employee (empEmailID, empAddress, designation, salary, dob, joinDate, projectID) values ('vhabronh@opera.com', '593 Paget Alley', 'Jr Designer', 48947, '1988/04/12', '2017/12/17', 11);
insert into employee (empEmailID, empAddress, designation, salary, dob, joinDate, projectID) values ('dpllui@w3.org', '91293 Sutteridge Drive', 'VP', 72084, '1992/06/27', '2012/03/13', 2);
insert into employee (empEmailID, empAddress, designation, salary, dob, joinDate, projectID) values ('fdiprosej@yelp.com', '61 Commercial Place', 'CEO', 167622, '1962/09/25', '2019/10/05', 6);

insert into empPhNo (employeeID, empPhNo) values (1, '3249473743');
insert into empPhNo (employeeID, empPhNo) values (2, '9483188761');
insert into empPhNo (employeeID, empPhNo) values (3, '6058692497');
insert into empPhNo (employeeID, empPhNo) values (4, '5051928234');
insert into empPhNo (employeeID, empPhNo) values (5, '1577566661');
insert into empPhNo (employeeID, empPhNo) values (6, '2526579903');
insert into empPhNo (employeeID, empPhNo) values (7, '2595139359');
insert into empPhNo (employeeID, empPhNo) values (8, '6064115649');
insert into empPhNo (employeeID, empPhNo) values (9, '5541450266');
insert into empPhNo (employeeID, empPhNo) values (10, '4496534637');
insert into empPhNo (employeeID, empPhNo) values (11, '1118071552');
insert into empPhNo (employeeID, empPhNo) values (12, '3502966412');
insert into empPhNo (employeeID, empPhNo) values (13, '9474385019');
insert into empPhNo (employeeID, empPhNo) values (14, '6096484412');
insert into empPhNo (employeeID, empPhNo) values (15, '6117193066');
insert into empPhNo (employeeID, empPhNo) values (16, '1017226938');
insert into empPhNo (employeeID, empPhNo) values (17, '1739806621');
insert into empPhNo (employeeID, empPhNo) values (18, '7225087306');
insert into empPhNo (employeeID, empPhNo) values (19, '3166972661');
insert into empPhNo (employeeID, empPhNo) values (20, '6519072552');

insert into designedBy (projectID, employeeID) values (8, 4);
insert into designedBy (projectID, employeeID) values (3, 10);
insert into designedBy (projectID, employeeID) values (5, 5);
insert into designedBy (projectID, employeeID) values (8, 11);
insert into designedBy (projectID, employeeID) values (13, 4);
insert into designedBy (projectID, employeeID) values (16, 20);
insert into designedBy (projectID, employeeID) values (8, 16);
insert into designedBy (projectID, employeeID) values (14, 2);
insert into designedBy (projectID, employeeID) values (9, 12);
insert into designedBy (projectID, employeeID) values (2, 11);
insert into designedBy (projectID, employeeID) values (1, 7);
insert into designedBy (projectID, employeeID) values (17, 8);
insert into designedBy (projectID, employeeID) values (9, 13);
insert into designedBy (projectID, employeeID) values (11, 13);
insert into designedBy (projectID, employeeID) values (15, 12);
insert into designedBy (projectID, employeeID) values (9, 2);
insert into designedBy (projectID, employeeID) values (20, 20);
insert into designedBy (projectID, employeeID) values (7, 1);
insert into designedBy (projectID, employeeID) values (19, 12);
insert into designedBy (projectID, employeeID) values (9, 20);

insert into customer (customerName, customerPhNo, customerEmailID, customerAddress) values ('Chrissie Abrashkov', '3807494004', 'cabrashkov0@shinystat.com', '2348 Mosinee Terrace');
insert into customer (customerName, customerPhNo, customerEmailID, customerAddress) values ('Cecile Larver', '9018134954', 'clarver1@cnet.com', '356 Corben Drive');
insert into customer (customerName, customerPhNo, customerEmailID, customerAddress) values ('Lissie Stoven', '1116433068', 'lstoven2@japanpost.jp', '2 Mitchell Park');
insert into customer (customerName, customerPhNo, customerEmailID, customerAddress) values ('Laure Hodcroft', '1284421832', 'lhodcroft3@prnewswire.com', '0944 Doe Crossing Terrace');
insert into customer (customerName, customerPhNo, customerEmailID, customerAddress) values ('Caro Tye', '1991655175', 'ctye4@examiner.com', '82 Nevada Way');
insert into customer (customerName, customerPhNo, customerEmailID, customerAddress) values ('Fayth Pallin', '4718119269', 'fpallin5@booking.com', '0970 Pine View Avenue');
insert into customer (customerName, customerPhNo, customerEmailID, customerAddress) values ('Frank Dever', '5678798062', 'fdever6@examiner.com', '074 Graceland Circle');
insert into customer (customerName, customerPhNo, customerEmailID, customerAddress) values ('Shea Harmon', '6491223571', 'sharmon7@addtoany.com', '5 Crest Line Drive');
insert into customer (customerName, customerPhNo, customerEmailID, customerAddress) values ('Marcello Macon', '2723889983', 'mmacon8@wikimedia.org', '1801 Harper Road');
insert into customer (customerName, customerPhNo, customerEmailID, customerAddress) values ('Maxie Vicary', '5466203517', 'mvicary9@hatena.ne.jp', '74333 Mallard Road');
insert into customer (customerName, customerPhNo, customerEmailID, customerAddress) values ('Rayshell Cashin', '2027998159', 'rcashina@wsj.com', '674 Sachtjen Plaza');
insert into customer (customerName, customerPhNo, customerEmailID, customerAddress) values ('Arabelle Squibbes', '6551228731', 'asquibbesb@woothemes.com', '612 Hudson Road');
insert into customer (customerName, customerPhNo, customerEmailID, customerAddress) values ('Bren Chessel', '7992513221', 'bchesselc@vk.com', '2793 Spohn Junction');
insert into customer (customerName, customerPhNo, customerEmailID, customerAddress) values ('Kathryn Sinkin', '1559144223', 'ksinkind@github.com', '3 Dapin Crossing');
insert into customer (customerName, customerPhNo, customerEmailID, customerAddress) values ('Corette Cass', '2346219271', 'ccasse@rambler.ru', '4183 1st Street');
insert into customer (customerName, customerPhNo, customerEmailID, customerAddress) values ('Loleta Sutliff', '8479403715', 'lsutlifff@slideshare.net', '838 Bobwhite Junction');
insert into customer (customerName, customerPhNo, customerEmailID, customerAddress) values ('Noel Lovekin', '9271883243', 'nloveking@flavors.me', '1 Bartelt Crossing');
insert into customer (customerName, customerPhNo, customerEmailID, customerAddress) values ('Sally Allcoat', '7619735980', 'sallcoath@nhs.uk', '65 Scott Place');
insert into customer (customerName, customerPhNo, customerEmailID, customerAddress) values ('Rosalinda Boord', '8514148789', 'rboordi@imageshack.us', '57243 Fuller Place');
insert into customer (customerName, customerPhNo, customerEmailID, customerAddress) values ('Phaedra Monk', '7342930039', 'pmonkj@creativecommons.org', '6041 Nobel Park');

insert into customerFeedback (customerID, projectID, feedback, feedbackDate, rating) values (12, 11, 'Satisfied', '2020/10/25', 4.2);
insert into customerFeedback (customerID, projectID, feedback, feedbackDate, rating) values (13, 10, 'totally worth it', '2020/12/17', 2.7);
insert into customerFeedback (customerID, projectID, feedback, feedbackDate, rating) values (4, 7, 'Expensive furnishing', '2020/12/18', 3.2);
insert into customerFeedback (customerID, projectID, feedback, feedbackDate, rating) values (13, 10, 'wonderful job', '2021/01/04', 2.6);
insert into customerFeedback (customerID, projectID, feedback, feedbackDate, rating) values (16, 12, 'wonderful job', '2021/05/01', 2.0);
insert into customerFeedback (customerID, projectID, feedback, feedbackDate, rating) values (2, 14, 'totally worth it', '2020/11/01', 2.1);
insert into customerFeedback (customerID, projectID, feedback, feedbackDate, rating) values (12, 8, 'Satisfied', '2021/01/13', 1.2);
insert into customerFeedback (customerID, projectID, feedback, feedbackDate, rating) values (9, 10, 'totally worth it', '2020/11/20', 1.9);
insert into customerFeedback (customerID, projectID, feedback, feedbackDate, rating) values (6, 7, 'beautiful decor', '2021/04/24', 3.7);
insert into customerFeedback (customerID, projectID, feedback, feedbackDate, rating) values (19, 18, 'great designs', '2021/06/27', 1.0);
insert into customerFeedback (customerID, projectID, feedback, feedbackDate, rating) values (2, 15, 'Satisfied', '2021/08/11', 2.9);
insert into customerFeedback (customerID, projectID, feedback, feedbackDate, rating) values (1, 8, 'totally worth it', '2020/11/23', 3.9);
insert into customerFeedback (customerID, projectID, feedback, feedbackDate, rating) values (15, 6, 'great designs', '2021/05/03', 4.8);
insert into customerFeedback (customerID, projectID, feedback, feedbackDate, rating) values (7, 12, 'beautiful decor', '2021/04/20', 3.9);
insert into customerFeedback (customerID, projectID, feedback, feedbackDate, rating) values (1, 15, 'wonderful job', '2021/08/06', 1.3);
insert into customerFeedback (customerID, projectID, feedback, feedbackDate, rating) values (5, 14, 'beautiful decor', '2021/07/24', 2.1);
insert into customerFeedback (customerID, projectID, feedback, feedbackDate, rating) values (13, 7, 'totally worth it', '2021/05/14', 1.3);
insert into customerFeedback (customerID, projectID, feedback, feedbackDate, rating) values (15, 1, 'beautiful decor', '2021/10/06', 2.2);
insert into customerFeedback (customerID, projectID, feedback, feedbackDate, rating) values (10, 12, 'wonderful job', '2021/01/26', 2.9);
insert into customerFeedback (customerID, projectID, feedback, feedbackDate, rating) values (8, 19, 'great designs', '2021/02/13', 2.0);